saq06,year,month,spei
1,2020,1,1.1115735898863637
1,2020,2,0.39228521143977274
1,2020,3,0.090138217425
1,2020,4,0.021763178611363638
1,2020,5,0.32646988640340907
1,2020,6,0.40218162767943183
1,2020,7,0.3180020209659091
1,2020,8,0.6074109550454545
1,2020,9,0.8077753886363636
1,2020,10,0.9349479089318181
1,2020,11,0.6137578435568182
1,2020,12,0.32723657426136366
1,2021,1,-0.1690868442909091
1,2021,2,-0.22067264517045454
1,2021,3,0.1389867177272727
1,2021,4,0.7652215688977272
1,2021,5,0.6334498871590909
1,2021,6,0.2829367719659091
1,2021,7,0.2708977651477273
1,2021,8,0.054601652068181815
1,2021,9,0.4187305597329546
1,2021,10,0.23117436127272725
1,2021,11,0.2554250250340909
1,2021,12,-0.3159803426818182
1,2022,1,-0.4081711671704546
1,2022,2,-0.31112969186738637
1,2022,3,-0.19958733555681818
1,2022,4,-0.11758088258749999
1,2022,5,-0.7608594506818182
1,2022,6,-0.13447915781363637
1,2022,7,-0.38168696584659095
1,2022,8,0.344488643125
1,2022,9,-0.004387942995454553
1,2022,10,0.45235843477272725
1,2022,11,0.3244386750340909
1,2022,12,0.4244781211704545
1,2023,1,-0.03782335305
1,2023,2,-0.21293821504545454
1,2023,3,0.5490352112159091
1,2023,4,0.8681593582272726
1,2023,5,1.14027978475
1,2023,6,1.0804160721420455
1,2023,7,0.6794155469965909
1,2023,8,-0.2070471367647727
1,2023,9,-0.7473378797727274
1,2023,10,-0.7779913134090909
1,2023,11,-0.5919863964261364
1,2023,12,-0.23787346813636365
2,2020,1,1.1005994232142857
2,2020,2,0.46711270339285715
2,2020,3,0.13777605565714285
2,2020,4,0.07252139488035715
2,2020,5,0.25535662677035714
2,2020,6,0.3442994140892857
2,2020,7,0.23839692223214287
2,2020,8,0.5709810344214286
2,2020,9,0.7728150235714286
2,2020,10,0.9213258293571428
2,2020,11,0.5876769349464286
2,2020,12,0.3496865020428572
2,2021,1,-0.2959357802928571
2,2021,2,-0.26200144860714286
2,2021,3,-0.11506256075000003
2,2021,4,0.5370226561071428
2,2021,5,0.4692067401250001
2,2021,6,0.22577345450000003
2,2021,7,0.17702347208928573
2,2021,8,-0.011029449714285714
2,2021,9,0.3539427849821429
2,2021,10,0.28000756319642855
2,2021,11,0.29378585612499997
2,2021,12,-0.10987159625
2,2022,1,-0.31204312735714285
2,2022,2,-0.34772696491071425
2,2022,3,-0.12859514573214287
2,2022,4,0.026546367358928572
2,2022,5,-0.829201225892857
2,2022,6,-0.07777626025000002
2,2022,7,-0.4537977283392857
2,2022,8,0.30578743973214284
2,2022,9,-0.25194781989285714
2,2022,10,0.23801091389285714
2,2022,11,0.1514784324107143
2,2022,12,0.34876427107142854
2,2023,1,-0.09738384805357143
2,2023,2,-0.24181040382142857
2,2023,3,0.5491495164642857
2,2023,4,0.8219247368035714
2,2023,5,1.0416740731964285
2,2023,6,0.8817745677232143
2,2023,7,0.5265716407500001
2,2023,8,-0.29450796713928573
2,2023,9,-0.7357386319285714
2,2023,10,-0.7643545789285715
2,2023,11,-0.5830976217857142
2,2023,12,-0.377340642125
3,2020,1,1.0990771542857143
3,2020,2,0.4020377926530612
3,2020,3,0.15072595984285714
3,2020,4,0.14664187138775509
3,2020,5,0.196953209877551
3,2020,6,0.28914226030612245
3,2020,7,0.08412228283673469
3,2020,8,0.6125468353061224
3,2020,9,0.8204246183673468
3,2020,10,1.0126958691836736
3,2020,11,0.7156193708979591
3,2020,12,0.5720981506122449
3,2021,1,-0.31724367963061223
3,2021,2,-0.22045518065306122
3,2021,3,-0.6831456958228571
3,2021,4,-0.20237719693877554
3,2021,5,-0.2802128546938775
3,2021,6,-0.35198404477551015
3,2021,7,0.2898011051428572
3,2021,8,-0.004700720163265307
3,2021,9,0.29349365273469386
3,2021,10,0.09092332551020407
3,2021,11,0.08387428393877551
3,2021,12,-0.321827368
3,2022,1,-0.50541623
3,2022,2,-0.6016542001020408
3,2022,3,-0.28342040183673467
3,2022,4,-0.07110479270612247
3,2022,5,-0.8980211963265305
3,2022,6,-0.14845162720408164
3,2022,7,-0.6520524567346939
3,2022,8,0.31293944004081636
3,2022,9,-0.3723420471428571
3,2022,10,0.09227611967346938
3,2022,11,0.0564930913877551
3,2022,12,0.15293521675510205
3,2023,1,-0.2951608896122449
3,2023,2,-0.3301196754693878
3,2023,3,0.5710061331428571
3,2023,4,0.9855815902857143
3,2023,5,1.2766508297755101
3,2023,6,1.1538876217755103
3,2023,7,0.6720765540816327
3,2023,8,-0.35217127187755104
3,2023,9,-0.8368415797959183
3,2023,10,-0.960566393877551
3,2023,11,-0.7716264810204081
3,2023,12,-0.5045860853061225
4,2020,1,1.0828154124137932
4,2020,2,0.42593653289655176
4,2020,3,0.08386178031034483
4,2020,4,0.04553062234482758
4,2020,5,0.2695064041034483
4,2020,6,0.3815193256551724
4,2020,7,0.23457489489655173
4,2020,8,0.6456949051724138
4,2020,9,0.8852896827586206
4,2020,10,0.9883754591034483
4,2020,11,0.7091683623448276
4,2020,12,0.42488391413793103
4,2021,1,-0.08789224728275861
4,2021,2,-0.2044530194827586
4,2021,3,-0.17412557931034484
4,2021,4,0.5480312427586207
4,2021,5,0.42706785689655175
4,2021,6,0.19958584717241382
4,2021,7,0.28758409931034484
4,2021,8,0.11790581568965518
4,2021,9,0.4710594751724138
4,2021,10,0.14879157475862068
4,2021,11,0.13108407644827588
4,2021,12,-0.45711424931034483
4,2022,1,-0.38093038193103446
4,2022,2,-0.3913973918965517
4,2022,3,-0.22013756275862068
4,2022,4,-0.1649459198
4,2022,5,-0.8587839096551724
4,2022,6,-0.2546618387586207
4,2022,7,-0.548964929137931
4,2022,8,0.37826358758620693
4,2022,9,-0.05089393903448276
4,2022,10,0.4179691456551724
4,2022,11,0.29343556424137934
4,2022,12,0.44474679724137933
4,2023,1,-0.010053779931034486
4,2023,2,-0.2066023217586207
4,2023,3,0.5266917416551724
4,2023,4,0.9673767984137931
4,2023,5,1.2105600813793103
4,2023,6,1.1566145334655173
4,2023,7,0.6385824523448276
4,2023,8,-0.19742717078620692
4,2023,9,-0.8372587062068966
4,2023,10,-0.9565033220689656
4,2023,11,-0.8267336551724138
4,2023,12,-0.3423772387586207
5,2020,1,1.2454769397058825
5,2020,2,0.4021321272941177
5,2020,3,0.10844508511764706
5,2020,4,0.07021487838235295
5,2020,5,0.34702817394117647
5,2020,6,0.4065741983235294
5,2020,7,0.2639659990588235
5,2020,8,0.7237161020588235
5,2020,9,1.0109776723529413
5,2020,10,1.1357420611764706
5,2020,11,0.733462721382353
5,2020,12,0.49004952117647055
5,2021,1,0.03194465591176471
5,2021,2,0.03673922141176471
5,2021,3,0.11808758852941177
5,2021,4,0.5720244823823528
5,2021,5,0.4100914079411765
5,2021,6,0.0834200207647059
5,2021,7,0.41308296185294113
5,2021,8,0.1276853628529412
5,2021,9,0.41220324373529416
5,2021,10,0.16713776476470588
5,2021,11,0.26875947685294116
5,2021,12,-0.2719314208823529
5,2022,1,-0.4926837171470589
5,2022,2,-0.45043410329411765
5,2022,3,-0.2515796255882353
5,2022,4,-0.09954479437058823
5,2022,5,-0.6526353402941176
5,2022,6,-0.10664058644117648
5,2022,7,-0.522998284
5,2022,8,0.15139180611764708
5,2022,9,-0.21852127147058825
5,2022,10,0.2499606595294118
5,2022,11,0.21421872436764708
5,2022,12,0.33324554411764706
5,2023,1,-0.0893339171764706
5,2023,2,-0.2106952567647059
5,2023,3,0.7356382144117647
5,2023,4,1.0423162890000002
5,2023,5,1.3538770904411765
5,2023,6,1.2186720609705883
5,2023,7,0.7671347735294117
5,2023,8,-0.2820645382647059
5,2023,9,-0.8587457560294117
5,2023,10,-0.8386423000882353
5,2023,11,-0.5991845490294118
5,2023,12,-0.27683678720588234
6,2020,1,1.0555664464
6,2020,2,0.2832463982
6,2020,3,0.06111296746
6,2020,4,0.098784315904
6,2020,5,0.40425994428
6,2020,6,0.46611303052
6,2020,7,0.35141687056000004
6,2020,8,0.5242490192
6,2020,9,0.7337811015600001
6,2020,10,0.90356153612
6,2020,11,0.52644620336
6,2020,12,0.28925256128
6,2021,1,-0.16466032812
6,2021,2,-0.13140218724
6,2021,3,0.11732262360000002
6,2021,4,0.77527844552
6,2021,5,0.6161851898399999
6,2021,6,0.2097781396
6,2021,7,0.31057290344
6,2021,8,-0.11274971272
6,2021,9,0.3573581042
6,2021,10,0.29245397212
6,2021,11,0.40980492218000003
6,2021,12,-0.1919582556
6,2022,1,-0.48417974880000003
6,2022,2,-0.8340195507999999
6,2022,3,-0.56698580212
6,2022,4,-0.14923508349200001
6,2022,5,-0.45559038119999995
6,2022,6,0.009447893719999998
6,2022,7,-0.38111926728
6,2022,8,0.21411548188
6,2022,9,0.1261431348
6,2022,10,0.41992546016
6,2022,11,0.32093603828
6,2022,12,0.25193089968
6,2023,1,-0.22816360024000001
6,2023,2,-0.50957283644
6,2023,3,0.5166600034000001
6,2023,4,0.97808113828
6,2023,5,1.2822942599999998
6,2023,6,1.122738738688
6,2023,7,0.6544831031999999
6,2023,8,-0.46060575176
6,2023,9,-0.9858012356
6,2023,10,-0.7748430968
6,2023,11,-0.50493946924
6,2023,12,-0.24184672599999998
7,2020,1,1.1371559222580645
7,2020,2,0.41982565935483873
7,2020,3,0.05394816296451613
7,2020,4,0.0035011327096774137
7,2020,5,0.3240063052096774
7,2020,6,0.41826577535483866
7,2020,7,0.31135075212903224
7,2020,8,0.6617194180645162
7,2020,9,0.8829208941935485
7,2020,10,0.9903770004516129
7,2020,11,0.530558523032258
7,2020,12,0.24665569106451612
7,2021,1,-0.12863692462580645
7,2021,2,-0.13338242703225806
7,2021,3,-0.030212472677419368
7,2021,4,0.7169497002580646
7,2021,5,0.5133383396774194
7,2021,6,0.22382411906451613
7,2021,7,0.24695728996774197
7,2021,8,0.025152808129032273
7,2021,9,0.40605905754838706
7,2021,10,0.4447006129354839
7,2021,11,0.6010193164516129
7,2021,12,-0.0049742224516128915
7,2022,1,-0.24321257003225807
7,2022,2,-0.483667354516129
7,2022,3,-0.21634452658064515
7,2022,4,-0.029148835235483873
7,2022,5,-0.6055091796774194
7,2022,6,0.0218905840064516
7,2022,7,-0.4516708591451613
7,2022,8,0.22165597890322583
7,2022,9,-0.1375802904516129
7,2022,10,0.37857625729032257
7,2022,11,0.1777492100967742
7,2022,12,0.39896547306451613
7,2023,1,-0.05068550483870967
7,2023,2,-0.22705329270967742
7,2023,3,0.4964414558064516
7,2023,4,0.8404610235161291
7,2023,5,1.113485369483871
7,2023,6,1.1621994259193549
7,2023,7,0.7443004768387097
7,2023,8,-0.242970308316129
7,2023,9,-0.858465445483871
7,2023,10,-0.8211328974193548
7,2023,11,-0.584777855483871
7,2023,12,-0.26945372870967743
8,2020,1,1.200442515
8,2020,2,0.31910976125
8,2020,3,0.085164132625
8,2020,4,-0.011941641250000003
8,2020,5,0.38985109562500003
8,2020,6,0.49666773675000003
8,2020,7,0.384576293625
8,2020,8,0.692109211625
8,2020,9,0.913549373125
8,2020,10,0.9720930062500001
8,2020,11,0.494749114875
8,2020,12,0.173810738125
8,2021,1,-0.09301975795
8,2021,2,0.03182414093750001
8,2021,3,0.144935099375
8,2021,4,0.79701951125
8,2021,5,0.633125406875
8,2021,6,0.3367899435
8,2021,7,0.3719108380625
8,2021,8,0.09944669531250001
8,2021,9,0.46651486937500003
8,2021,10,0.317936920625
8,2021,11,0.334170175625
8,2021,12,-0.41033811275
8,2022,1,-0.529786264375
8,2022,2,-0.58811976525
8,2022,3,-0.461362666375
8,2022,4,-0.2671901505625
8,2022,5,-0.759172436875
8,2022,6,-0.178849589875
8,2022,7,-0.40800378537500004
8,2022,8,0.2149482556875
8,2022,9,-0.014982826250000011
8,2022,10,0.4037259401625
8,2022,11,0.3672794241875
8,2022,12,0.436908826875
8,2023,1,-0.1288141854375
8,2023,2,-0.22145956575
8,2023,3,0.605015812
8,2023,4,0.8169005274375001
8,2023,5,0.9998534158125
8,2023,6,0.8819338571875
8,2023,7,0.5192316279375
8,2023,8,-0.382266044375
8,2023,9,-0.730023091125
8,2023,10,-0.697665916875
8,2023,11,-0.4630821965
8,2023,12,-0.19768508309375
9,2020,1,1.15975548
9,2020,2,0.38712637111111114
9,2020,3,0.08388050874074074
9,2020,4,0.031034071777777776
9,2020,5,0.32887881837037036
9,2020,6,0.4213565953333333
9,2020,7,0.35153921840740743
9,2020,8,0.692299019962963
9,2020,9,0.9111066818518518
9,2020,10,0.9779730817407407
9,2020,11,0.4884063078148148
9,2020,12,0.27858259225925924
9,2021,1,-0.04918924147777779
9,2021,2,-0.03689508211111112
9,2021,3,0.08627154888888887
9,2021,4,0.8046719295185185
9,2021,5,0.6934184095185185
9,2021,6,0.3679508959259259
9,2021,7,0.3109786871851852
9,2021,8,-0.0028443944444444444
9,2021,9,0.4240037912592593
9,2021,10,0.3925100505925926
9,2021,11,0.5217792775
9,2021,12,-0.16749545785185185
9,2022,1,-0.33666470814814814
9,2022,2,-0.5823305326814814
9,2022,3,-0.41907920781481484
9,2022,4,-0.20512249429629634
9,2022,5,-0.6635326079259258
9,2022,6,-0.022454874111111117
9,2022,7,-0.33125104085185186
9,2022,8,0.26323976214814815
9,2022,9,-0.050651656296296296
9,2022,10,0.3708073355925926
9,2022,11,0.22799384285185184
9,2022,12,0.42073005529629626
9,2023,1,-0.11868464061111111
9,2023,2,-0.3464634282962963
9,2023,3,0.391039434962963
9,2023,4,0.7310148189629629
9,2023,5,1.0988859864814815
9,2023,6,1.0741168603555555
9,2023,7,0.6950052601481481
9,2023,8,-0.31310986298148147
9,2023,9,-0.8425973437037038
9,2023,10,-0.7488120292592592
9,2023,11,-0.5057135138518519
9,2023,12,-0.2633305625925926
10,2020,1,1.2150089695
10,2020,2,0.345013087
10,2020,3,0.05051599525
10,2020,4,0.029323311499999994
10,2020,5,0.265421877025
10,2020,6,0.3641834799
10,2020,7,0.22518880155
10,2020,8,0.661004897
10,2020,9,0.9403346845
10,2020,10,1.0025860925
10,2020,11,0.6182007903
10,2020,12,0.35744542985
10,2021,1,0.05639165298
10,2021,2,0.10798173470000001
10,2021,3,-0.0929475445
10,2021,4,0.40535090599999996
10,2021,5,0.22954666499999998
10,2021,6,-0.04873759224999998
10,2021,7,0.33572863415
10,2021,8,-0.0179574572
10,2021,9,0.33096478500000004
10,2021,10,0.2604727133
10,2021,11,0.5031670257
10,2021,12,-0.1236716519
10,2022,1,-0.3514640785
10,2022,2,-0.6320097425
10,2022,3,-0.34573711119999995
10,2022,4,-0.12941703899999998
10,2022,5,-0.5662387457
10,2022,6,-0.04472049290000001
10,2022,7,-0.431975485
10,2022,8,0.2610326606
10,2022,9,-0.020626850000000002
10,2022,10,0.3844678031
10,2022,11,0.2279064175
10,2022,12,0.30874634
10,2023,1,-0.154904706635
10,2023,2,-0.30274042625
10,2023,3,0.5060783363500001
10,2023,4,0.85944009055
10,2023,5,1.115221816
10,2023,6,1.0637782900750001
10,2023,7,0.6377479104
10,2023,8,-0.31544139363999996
10,2023,9,-0.871528373
10,2023,10,-0.803431419
10,2023,11,-0.520162902
10,2023,12,-0.23828710250000001
11,2020,1,1.1424499907142858
11,2020,2,0.38531109
11,2020,3,0.08742072969285712
11,2020,4,0.04984927149999999
11,2020,5,0.2695756842242857
11,2020,6,0.38953597300000004
11,2020,7,0.24280710357142857
11,2020,8,0.9031450400000001
11,2020,9,1.1739151907142857
11,2020,10,1.3323898042857143
11,2020,11,0.7922601514285714
11,2020,12,0.551048295
11,2021,1,0.09003596464285714
11,2021,2,0.12853994714285713
11,2021,3,-0.14808180142857144
11,2021,4,0.5593615071428572
11,2021,5,0.3746118942857143
11,2021,6,0.14527360285714286
11,2021,7,0.5047613617142857
11,2021,8,0.2098731292857143
11,2021,9,0.6134493521428571
11,2021,10,0.22411901885714286
11,2021,11,0.5160496042857143
11,2021,12,-0.16186418057142857
11,2022,1,-0.3145878528571428
11,2022,2,-0.6738420957142858
11,2022,3,-0.42484245571428575
11,2022,4,-0.3286254220714286
11,2022,5,-0.9073886492857143
11,2022,6,-0.16470601785714287
11,2022,7,-0.5306096734285715
11,2022,8,0.2844646663571429
11,2022,9,-0.20307228435714286
11,2022,10,0.27409619414285713
11,2022,11,0.08083686321428572
11,2022,12,0.2552942357142857
11,2023,1,-0.14726964407142856
11,2023,2,-0.36970358414285714
11,2023,3,0.7404314707142857
11,2023,4,1.1636588107142856
11,2023,5,1.666071792857143
11,2023,6,1.6101357600000001
11,2023,7,1.0663693828571428
11,2023,8,-0.0313664557142857
11,2023,9,-0.8202195707142856
11,2023,10,-1.0446205592857143
11,2023,11,-0.9292321214285714
11,2023,12,-0.5953132778571428
12,2020,1,1.1432110121428571
12,2020,2,0.2835590192642857
12,2020,3,0.009871333378571425
12,2020,4,0.01845920864285715
12,2020,5,0.6350585950000001
12,2020,6,0.7311880007142857
12,2020,7,0.7666530792857144
12,2020,8,0.7239550685714286
12,2020,9,0.9205023576428571
12,2020,10,0.8969762686428572
12,2020,11,0.3440027371428571
12,2020,12,0.09944114285714287
12,2021,1,-0.12779059571428572
12,2021,2,-0.06168500700000002
12,2021,3,0.563160385
12,2021,4,1.3505220192857144
12,2021,5,1.21523325
12,2021,6,0.6775488371428572
12,2021,7,0.26109531785714285
12,2021,8,0.005593870357142872
12,2021,9,0.6032748828571428
12,2021,10,0.6166099387857144
12,2021,11,0.7330014311428571
12,2021,12,-0.19783575357142857
12,2022,1,-0.4142202953571429
12,2022,2,-0.6466837364285715
12,2022,3,-0.6255425457142857
12,2022,4,-0.32007937285714283
12,2022,5,-0.48032606357142854
12,2022,6,0.0804124575
12,2022,7,-0.2009990245714286
12,2022,8,0.25210606057142854
12,2022,9,0.19516843992857144
12,2022,10,0.5790276752142857
12,2022,11,0.2888306
12,2022,12,0.4358900885714286
12,2023,1,-0.05787344781428571
12,2023,2,-0.16256917878571425
12,2023,3,0.2785751342857143
12,2023,4,0.7396754607142857
12,2023,5,1.2326718775714285
12,2023,6,1.2712218235714285
12,2023,7,0.7917659807142857
12,2023,8,-0.33691344357142855
12,2023,9,-0.9461824400000001
12,2023,10,-0.69836873
12,2023,11,-0.38358783500000004
12,2023,12,-0.05833510500000002
13,2020,1,1.1649468583333333
13,2020,2,0.4325348258333333
13,2020,3,0.1294445525
13,2020,4,0.08120235841666666
13,2020,5,0.32741786808333334
13,2020,6,0.3340756653333334
13,2020,7,0.34309518133333333
13,2020,8,0.7458584716666667
13,2020,9,1.0112094575
13,2020,10,1.09997916
13,2020,11,0.88774378
13,2020,12,0.6712777366666667
13,2021,1,0.22808533166666667
13,2021,2,0.2696106725
13,2021,3,0.4992362808333333
13,2021,4,0.9211859916666666
13,2021,5,0.8399318516666666
13,2021,6,0.25375079333333334
13,2021,7,0.38486911916666666
13,2021,8,0.018766217166666672
13,2021,9,0.46034491666666666
13,2021,10,0.23003390366666668
13,2021,11,0.4560413144166667
13,2021,12,-0.056199588153333334
13,2022,1,-0.23114472083333334
13,2022,2,-0.36178656666666664
13,2022,3,-0.3104471470833334
13,2022,4,-0.18509316533333334
13,2022,5,-0.6261046733333333
13,2022,6,-0.011203045166666674
13,2022,7,-0.2975216075
13,2022,8,0.29472694633333335
13,2022,9,-0.0967159308333333
13,2022,10,0.24709745400000002
13,2022,11,0.22952678391666667
13,2022,12,0.3159182016666667
13,2023,1,-0.04153945208333334
13,2023,2,-0.28211264125
13,2023,3,0.6706285850000001
13,2023,4,1.1280525783333333
13,2023,5,1.5186473291666667
13,2023,6,1.4453616541666667
13,2023,7,0.9127025491666667
13,2023,8,-0.13458825583333334
13,2023,9,-0.90735952
13,2023,10,-0.9479124575000001
13,2023,11,-0.7569536228333332
13,2023,12,-0.37237546745833333
14,2020,1,1.1649359991666668
14,2020,2,0.46060555033333334
14,2020,3,0.05688876441666666
14,2020,4,0.018160445666666667
14,2020,5,0.22266439534500002
14,2020,6,0.3362565196666667
14,2020,7,0.32976531066666664
14,2020,8,0.69564395375
14,2020,9,0.7973419461666666
14,2020,10,0.8387208775833334
14,2020,11,0.5325106016083333
14,2020,12,0.29111294916666663
14,2021,1,-0.23548094225000002
14,2021,2,-0.3792343596666667
14,2021,3,-0.406601865
14,2021,4,0.351579055
14,2021,5,0.27589703083333333
14,2021,6,0.062073013333333336
14,2021,7,0.3272294275
14,2021,8,0.03998498325
14,2021,9,0.38592976791666667
14,2021,10,0.08730405975
14,2021,11,0.29723457258333336
14,2021,12,-0.3521162841666667
14,2022,1,-0.3390412958333333
14,2022,2,-0.3449888776666667
14,2022,3,-0.16133504333333334
14,2022,4,-0.12678035944166668
14,2022,5,-0.8314772325
14,2022,6,0.00325020241666666
14,2022,7,-0.12766652733333334
14,2022,8,0.7174225641666667
14,2022,9,0.24948812
14,2022,10,0.5247837183333334
14,2022,11,0.42560574637500004
14,2022,12,0.5364270841666666
14,2023,1,-0.019833972333333342
14,2023,2,-0.206301639
14,2023,3,0.31887583199999997
14,2023,4,0.7379570983333333
14,2023,5,0.9420735228333333
14,2023,6,0.9814882646666666
14,2023,7,0.5830883373083333
14,2023,8,-0.13860728716666668
14,2023,9,-0.6742980216666666
14,2023,10,-0.7248881191666667
14,2023,11,-0.5634682208333334
14,2023,12,-0.1465796808333333
15,2020,1,1.087173364
15,2020,2,0.3963930828
15,2020,3,0.03724682869999999
15,2020,4,0.004309972400000001
15,2020,5,0.168565278
15,2020,6,0.27566895420000004
15,2020,7,0.33473799680000005
15,2020,8,0.7970072488
15,2020,9,0.995248703
15,2020,10,0.957750842
15,2020,11,0.597179414
15,2020,12,0.322641721
15,2021,1,-0.020841786920000015
15,2021,2,-0.2018062135
15,2021,3,0.11642476200000003
15,2021,4,0.87996792
15,2021,5,0.8573485829999999
15,2021,6,0.457425035
15,2021,7,0.2515037504
15,2021,8,-0.027322610000000004
15,2021,9,0.352569614
15,2021,10,0.172724436
15,2021,11,0.44647922360000003
15,2021,12,0.12542815400000001
15,2022,1,-0.04799103699999999
15,2022,2,-0.14471980899999998
15,2022,3,-0.06176397899999999
15,2022,4,0.0018283185000000147
15,2022,5,-0.8338394494999999
15,2022,6,-0.1999711247
15,2022,7,-0.37095638965
15,2022,8,0.467141686
15,2022,9,0.027971159999999995
15,2022,10,0.5041269315
15,2022,11,0.34137114139999997
15,2022,12,0.5248024605
15,2023,1,0.15994178200000003
15,2023,2,-0.2656735
15,2023,3,0.598619433
15,2023,4,0.755932025
15,2023,5,1.0183194795000001
15,2023,6,0.807331499
15,2023,7,0.46783272900000006
15,2023,8,-0.28073697000000003
15,2023,9,-0.5817999269999999
15,2023,10,-0.5977149159999999
15,2023,11,-0.43303530539999996
15,2023,12,-0.32505379395
16,2020,1,1.1638940100000001
16,2020,2,0.660037985
16,2020,3,-0.06419526340000001
16,2020,4,0.1181950125
16,2020,5,0.03565156250000001
16,2020,6,0.116561321
16,2020,7,0.12153859774999999
16,2020,8,0.13635235250000002
16,2020,9,0.04446489749999996
16,2020,10,0.189254535
16,2020,11,0.16451811249999998
16,2020,12,0.1611055975
16,2021,1,-0.3312632315
16,2021,2,-0.6054107525000001
16,2021,3,0.017445005000000013
16,2021,4,0.26035166749999994
16,2021,5,0.34398663
16,2021,6,-0.11880604499999999
16,2021,7,-0.06588978749999999
16,2021,8,-0.543923775
16,2021,9,-0.37906013
16,2021,10,0.29707324600000007
16,2021,11,0.5769655425
16,2021,12,0.6246178585000001
16,2022,1,0.17328608999999998
16,2022,2,-0.31725047500000003
16,2022,3,0.36763875399999996
16,2022,4,0.8616837515000001
16,2022,5,0.33261633
16,2022,6,0.74545637
16,2022,7,-0.028854694999999986
16,2022,8,0.4484392575
16,2022,9,0.24511654824999995
16,2022,10,0.27666753250000004
16,2022,11,-0.09634693825000001
16,2022,12,-0.05870055000000001
16,2023,1,-0.23525700105
16,2023,2,-0.1784963425
16,2023,3,-0.18303518000000002
16,2023,4,0.51736467
16,2023,5,0.7719982814999999
16,2023,6,0.7078404925
16,2023,7,0.12416396500000002
16,2023,8,-0.7380799025
16,2023,9,-0.9973392775000001
16,2023,10,-0.8027833675
16,2023,11,-0.5249923835
16,2023,12,-0.36248323237499996
17,2020,1,1.1279752416666666
17,2020,2,0.4387377766666667
17,2020,3,0.08471185799999999
17,2020,4,0.01341047333333333
17,2020,5,0.6819825066666666
17,2020,6,0.668582255
17,2020,7,0.60281635
17,2020,8,0.7236625950000001
17,2020,9,1.1451443316666665
17,2020,10,0.966211275
17,2020,11,0.2980088966666667
17,2020,12,-0.17130941
17,2021,1,-0.075966326
17,2021,2,0.23349903333333333
17,2021,3,0.4352307316666666
17,2021,4,0.9383298733333333
17,2021,5,0.27964860166666666
17,2021,6,0.07386494666666665
17,2021,7,-0.023234451666666656
17,2021,8,0.12359935166666668
17,2021,9,0.69726342
17,2021,10,0.3829732221666667
17,2021,11,0.24314224166666668
17,2021,12,-0.7883115896666667
17,2022,1,-0.6556966700000001
17,2022,2,-0.6705782225
17,2022,3,-0.57511731
17,2022,4,-0.5267984058333334
17,2022,5,-0.8959573416666666
17,2022,6,-0.21463608866666664
17,2022,7,-0.430338579
17,2022,8,0.10889767499999999
17,2022,9,-0.27669748083333334
17,2022,10,0.4786176521666667
17,2022,11,0.46275686666666666
17,2022,12,0.7139341833333334
17,2023,1,-0.10991791716666667
17,2023,2,-0.04604946633333332
17,2023,3,0.7120179333333333
17,2023,4,0.980623095
17,2023,5,1.251942875
17,2023,6,1.1055625016666666
17,2023,7,0.8431417283333333
17,2023,8,-0.23813577383333331
17,2023,9,-0.5821921566666667
17,2023,10,-0.5406816333333334
17,2023,11,-0.2244489416666667
17,2023,12,-0.05951180666666664
18,2020,1,1.075898929
18,2020,2,0.5960898570000001
18,2020,3,0.0435598074
18,2020,4,-0.030843568900000007
18,2020,5,0.24927220060000002
18,2020,6,0.34942173470000004
18,2020,7,0.31016605
18,2020,8,0.43783630799999995
18,2020,9,0.5587554185
18,2020,10,0.71545353
18,2020,11,0.368554127
18,2020,12,0.08913815729999999
18,2021,1,-0.031649222500000004
18,2021,2,-0.321849873
18,2021,3,0.5641106
18,2021,4,1.6318290210000002
18,2021,5,1.262488297
18,2021,6,0.8831567
18,2021,7,0.06903689659999998
18,2021,8,0.02901118215000001
18,2021,9,0.23066752240000002
18,2021,10,0.3490100644
18,2021,11,0.449946055
18,2021,12,0.11999542799999996
18,2022,1,-0.039680291999999985
18,2022,2,-0.08528150950000002
18,2022,3,0.296344863
18,2022,4,0.44312419849999996
18,2022,5,-0.318003541
18,2022,6,0.017842813000000013
18,2022,7,-0.510933106
18,2022,8,0.11168872500000002
18,2022,9,-0.001443112000000002
18,2022,10,0.439480255
18,2022,11,0.1809989195
18,2022,12,0.477425325
18,2023,1,0.2024633481
18,2023,2,-0.04644438899999999
18,2023,3,0.6004276881
18,2023,4,0.8251734059
18,2023,5,1.027117675
18,2023,6,0.6731222466
18,2023,7,0.385520573
18,2023,8,-0.36762121600000003
18,2023,9,-0.740609811
18,2023,10,-0.7634353180000001
18,2023,11,-0.655035188
18,2023,12,-0.3803834
19,2020,1,1.2508936833333333
19,2020,2,0.41816555316666665
19,2020,3,0.01369244833333333
19,2020,4,0.028050500666666662
19,2020,5,0.5204155116666667
19,2020,6,0.5655944216666667
19,2020,7,0.46534728000000003
19,2020,8,0.38841020833333334
19,2020,9,0.6030427883333334
19,2020,10,0.792926685
19,2020,11,0.22826460583333333
19,2020,12,-0.05583527166666664
19,2021,1,-0.2546438283333333
19,2021,2,-0.16606400000000002
19,2021,3,0.3680347433333333
19,2021,4,0.6735313966666666
19,2021,5,0.6285275128333333
19,2021,6,0.23763615999999999
19,2021,7,0.31251837499999996
19,2021,8,0.02546332166666665
19,2021,9,0.43308491666666665
19,2021,10,0.589385631
19,2021,11,0.4448475966666667
19,2021,12,-0.32027758266666667
19,2022,1,-0.7397554233333334
19,2022,2,-0.49178743333333336
19,2022,3,-0.3455876385
19,2022,4,-0.05055678733333333
19,2022,5,-0.4378261066666666
19,2022,6,0.20917331500000003
19,2022,7,-0.10407396500000003
19,2022,8,0.24296365633333336
19,2022,9,0.09387709
19,2022,10,0.33924145466666666
19,2022,11,0.1503579335
19,2022,12,0.17733139666666667
19,2023,1,-0.22107984699999997
19,2023,2,-0.25432303666666667
19,2023,3,0.6607741983333333
19,2023,4,0.9134626899999999
19,2023,5,1.3131774683333333
19,2023,6,1.099247405
19,2023,7,0.781140845
19,2023,8,-0.5693710258333334
19,2023,9,-0.6939123046666666
19,2023,10,-0.39821131833333334
19,2023,11,-0.08170837400000001
19,2023,12,-0.11104511658333334
20,2020,1,1.22948305
20,2020,2,0.38751281125000003
20,2020,3,-0.0333392125875
20,2020,4,-0.13942290362499998
20,2020,5,0.206161307625
20,2020,6,0.35687955374999997
20,2020,7,0.302938836
20,2020,8,0.7682850225
20,2020,9,0.98246367875
20,2020,10,1.12087893875
20,2020,11,0.75670044875
20,2020,12,0.46478347875000003
20,2021,1,0.19490973499999997
20,2021,2,-0.29051468
20,2021,3,0.11520031625000002
20,2021,4,1.4946895999999998
20,2021,5,1.3534604625
20,2021,6,0.93312365625
20,2021,7,0.45532341625
20,2021,8,0.22951714150000002
20,2021,9,0.548936489875
20,2021,10,0.26814467875000003
20,2021,11,0.54259037875
20,2021,12,0.12382678687500001
20,2022,1,0.059414103874999985
20,2022,2,-0.12028161624999999
20,2022,3,-0.05566352250000001
20,2022,4,-0.061486000624999995
20,2022,5,-0.944375195
20,2022,6,-0.23702306147500002
20,2022,7,-0.33867462425
20,2022,8,0.368135801875
20,2022,9,0.06688594249999999
20,2022,10,0.452202194625
20,2022,11,0.1872796725
20,2022,12,0.49857613375
20,2023,1,0.21331151987500002
20,2023,2,-0.35581687725
20,2023,3,0.53687324425
20,2023,4,0.8513918925
20,2023,5,1.1151357474999999
20,2023,6,1.2311487217500001
20,2023,7,0.7177436425
20,2023,8,0.01577656337500001
20,2023,9,-0.64244875375
20,2023,10,-0.82143526625
20,2023,11,-0.85720938
20,2023,12,-0.43793703875
21,2020,1,1.101371834
21,2020,2,0.404507
21,2020,3,0.10100818660000002
21,2020,4,0.005613642400000012
21,2020,5,0.39285097399999996
21,2020,6,0.402309668
21,2020,7,0.286798618
21,2020,8,0.45468989200000004
21,2020,9,0.683896456
21,2020,10,0.8489511719999999
21,2020,11,0.44178310600000004
21,2020,12,0.25221147000000005
21,2021,1,-0.1707357032
21,2021,2,-0.08555728119999999
21,2021,3,-0.04707299000000005
21,2021,4,0.24338356559999993
21,2021,5,0.03066876599999997
21,2021,6,-0.1407820748
21,2021,7,-0.20203268400000002
21,2021,8,-0.14619592226
21,2021,9,0.287420146
21,2021,10,0.300866264
21,2021,11,0.207104708
21,2021,12,-0.30261491399999996
21,2022,1,-0.36944291399999996
21,2022,2,-0.553085982
21,2022,3,-0.32598077999999997
21,2022,4,-0.374396952
21,2022,5,-0.9231899520000001
21,2022,6,-0.47450300179999993
21,2022,7,-0.62024066
21,2022,8,0.10446288199999998
21,2022,9,-0.23370864300000002
21,2022,10,0.5418061014
21,2022,11,0.47547337
21,2022,12,0.763470622
21,2023,1,-0.0023135899999999986
21,2023,2,0.11595415999999999
21,2023,3,0.230679664
21,2023,4,0.6500126352000001
21,2023,5,0.921143507
21,2023,6,0.981958268
21,2023,7,0.762142174
21,2023,8,-0.29208038
21,2023,9,-0.7855180039999999
21,2023,10,-0.7885551640000001
21,2023,11,-0.40133326399999997
21,2023,12,-0.09119178599999996
22,2020,1,1.2511402
22,2020,2,0.4090714933333333
22,2020,3,-0.004281113333333327
22,2020,4,-0.11791507533333334
22,2020,5,0.118763515
22,2020,6,0.34099788693000005
22,2020,7,0.31577701
22,2020,8,0.7068569199999999
22,2020,9,0.74711178
22,2020,10,1.1271834566666667
22,2020,11,0.9544356199999999
22,2020,12,0.7974579366333333
22,2021,1,0.2051238255
22,2021,2,-0.54741742
22,2021,3,0.28751521666666663
22,2021,4,1.2362214
22,2021,5,1.1257226
22,2021,6,0.5649798833333334
22,2021,7,0.6297060466666666
22,2021,8,0.27802736
22,2021,9,0.5612721066666667
22,2021,10,0.37348407133333333
22,2021,11,0.526134765
22,2021,12,0.3188165233333333
22,2022,1,0.03535313666666665
22,2022,2,-0.16465536
22,2022,3,0.12349000666666667
22,2022,4,0.10584236666666667
22,2022,5,-0.5346093666666666
22,2022,6,0.11450427199999995
22,2022,7,0.10017223333333332
22,2022,8,1.0359476666666667
22,2022,9,0.9900194766666667
22,2022,10,1.3437797466666666
22,2022,11,0.8362544233333334
22,2022,12,0.6428094133333334
22,2023,1,0.05472328333333335
22,2023,2,-0.6917293666666667
22,2023,3,0.3197500466666667
22,2023,4,0.6304421633333334
22,2023,5,1.0796963066666667
22,2023,6,1.3901829
22,2023,7,1.1485252500000003
22,2023,8,0.08136137333333333
22,2023,9,-0.7007331466666668
22,2023,10,-0.7393324766666667
22,2023,11,-0.7232120833333333
22,2023,12,-0.4408281333333333
23,2020,1,1.4372140500000001
23,2020,2,0.26426481999999996
23,2020,3,0.118159316
23,2020,4,0.10354611999999999
23,2020,5,0.772736045
23,2020,6,0.91301942
23,2020,7,0.78429958
23,2020,8,0.691788775
23,2020,9,1.0460507
23,2020,10,0.82319914
23,2020,11,0.22636302000000008
23,2020,12,0.1838936
23,2021,1,-0.07887744500000002
23,2021,2,0.39714961000000004
23,2021,3,0.007515400000000061
23,2021,4,0.35142555
23,2021,5,0.06013790000000008
23,2021,6,-0.025672649999999964
23,2021,7,0.3784428885
23,2021,8,-0.09472533000000001
23,2021,9,0.662396345
23,2021,10,0.3110036
23,2021,11,0.45043308499999996
23,2021,12,-0.348933543
23,2022,1,-0.46060172
23,2022,2,-0.87405426
23,2022,3,-0.8682639000000001
23,2022,4,-0.61223613
23,2022,5,-0.81947715
23,2022,6,-0.30471343500000003
23,2022,7,-0.723089775
23,2022,8,0.0015545335
23,2022,9,-0.334913815
23,2022,10,0.18920915
23,2022,11,0.153582475
23,2022,12,0.19927584999999998
23,2023,1,-0.2679200125
23,2023,2,-0.318480515
23,2023,3,0.53543892
23,2023,4,1.1513823
23,2023,5,1.69111305
23,2023,6,1.53743115
23,2023,7,1.02643185
23,2023,8,-0.49170230000000004
23,2023,9,-0.9336031
23,2023,10,-1.06792215
23,2023,11,-0.584241582
23,2023,12,-0.37874547000000003
24,2020,1,1.1649350566666665
24,2020,2,0.511355535
24,2020,3,0.12284008499999999
24,2020,4,0.08823195136666667
24,2020,5,0.5061221300000001
24,2020,6,0.5884001556666667
24,2020,7,0.523564255
24,2020,8,0.6090161583333333
24,2020,9,0.899952985
24,2020,10,0.9310951383333333
24,2020,11,0.7319094121666666
24,2020,12,0.24562528000000003
24,2021,1,0.06565626933333332
24,2021,2,-0.009701385000000007
24,2021,3,0.5554763523333333
24,2021,4,1.2706702333333333
24,2021,5,1.0029466783333334
24,2021,6,0.5194747966666666
24,2021,7,0.22288100999999996
24,2021,8,0.15505274049999998
24,2021,9,0.5785117633333333
24,2021,10,0.396024355
24,2021,11,0.4077422511666667
24,2021,12,-0.32187305083333334
24,2022,1,-0.4715030466666667
24,2022,2,-0.23653552166666666
24,2022,3,-0.20636158999999998
24,2022,4,-0.16952021166666667
24,2022,5,-0.6895547283333333
24,2022,6,-0.012334976499999999
24,2022,7,-0.339552995
24,2022,8,0.32241044166666666
24,2022,9,0.08868976666666667
24,2022,10,0.7302592183333333
24,2022,11,0.530788165
24,2022,12,0.5043242966666667
24,2023,1,-0.07682940266666667
24,2023,2,-0.02205762383333332
24,2023,3,0.7390444333333334
24,2023,4,1.1868542033333334
24,2023,5,1.3829703473333332
24,2023,6,1.534908605
24,2023,7,1.15715728
24,2023,8,0.11434683166666665
24,2023,9,-0.9074545416666666
24,2023,10,-0.994443295
24,2023,11,-0.7243498443333333
24,2023,12,-0.09325646749999998
25,2020,1,1.3112342925
25,2020,2,0.2447200625
25,2020,3,0.1400489705
25,2020,4,0.04098599900000001
25,2020,5,0.855976793535
25,2020,6,0.8264561215
25,2020,7,0.7731328825
25,2020,8,0.4605154675
25,2020,9,0.814779765
25,2020,10,0.6255067999999999
25,2020,11,0.06847001500000002
25,2020,12,-0.26428670750000005
25,2021,1,-0.1689175225
25,2021,2,0.12028954249999999
25,2021,3,0.30290226
25,2021,4,0.7343353249999999
25,2021,5,0.4343158675
25,2021,6,0.14755404149999996
25,2021,7,0.0239736775
25,2021,8,-0.25999215
25,2021,9,0.4368811525
25,2021,10,0.32191538999999997
25,2021,11,0.59268175
25,2021,12,-0.2699458145
25,2022,1,-0.36989542750000004
25,2022,2,-0.5938135025
25,2022,3,-0.7195568075000001
25,2022,4,-0.6482183775
25,2022,5,-0.8416460525
25,2022,6,-0.15865306950000002
25,2022,7,-0.18958962000000001
25,2022,8,0.17801889125
25,2022,9,-0.23397919
25,2022,10,0.31260895749999995
25,2022,11,0.3998442325
25,2022,12,0.6155203925
25,2023,1,-0.0030173637500000017
25,2023,2,-0.0612211875
25,2023,3,0.41311086500000005
25,2023,4,0.866487349
25,2023,5,1.31366109375
25,2023,6,1.22311036
25,2023,7,0.945515975
25,2023,8,-0.3413742425
25,2023,9,-0.79928415925
25,2023,10,-0.8205183875000001
25,2023,11,-0.39145429
25,2023,12,0.008387633249999998
26,2020,1,1.4766456
26,2020,2,0.5381112
26,2020,3,0.23706716
26,2020,4,0.11226339
26,2020,5,0.07605152
26,2020,6,0.041231226
26,2020,7,-0.18195942
26,2020,8,1.2012408
26,2020,9,1.7179368
26,2020,10,2.6111486
26,2020,11,1.930615
26,2020,12,1.388854
26,2021,1,0.6612549
26,2021,2,0.39111868
26,2021,3,1.7116975
26,2021,4,2.7994418
26,2021,5,2.4710512
26,2021,6,1.8581358
26,2021,7,0.92325735
26,2021,8,0.8991591
26,2021,9,0.8412492
26,2021,10,0.07102313
26,2021,11,-0.12915032
26,2021,12,-0.08584765
26,2022,1,-0.35504466
26,2022,2,0.22198117
26,2022,3,0.4761868
26,2022,4,0.39643377
26,2022,5,-0.82944953
26,2022,6,-0.3802139
26,2022,7,-1.13893
26,2022,8,-0.38365388
26,2022,9,-0.78780043
26,2022,10,0.038430586
26,2022,11,0.2876818
26,2022,12,0.5238354
26,2023,1,0.31669265
26,2023,2,-0.30988958
26,2023,3,1.5541139
26,2023,4,1.6143208
26,2023,5,1.9386485
26,2023,6,1.4950771
26,2023,7,0.9970616
26,2023,8,-0.09405682
26,2023,9,-0.7671814
26,2023,10,-1.1835083
26,2023,11,-1.1698475
26,2023,12,-0.8519944
27,2020,1,1.0987204866666667
27,2020,2,0.58613673
27,2020,3,0.10607428333333334
27,2020,4,0.002806923333333322
27,2020,5,-0.25404235199999997
27,2020,6,-0.10294785333333333
27,2020,7,0.5748164466666666
27,2020,8,1.1984708499999999
27,2020,9,1.1497065166666667
27,2020,10,0.8333910133333333
27,2020,11,0.7002987466666667
27,2020,12,0.9327109233333334
27,2021,1,0.49964039666666665
27,2021,2,-0.07609255999999999
27,2021,3,-0.31986801000000004
27,2021,4,-0.46134493899999995
27,2021,5,-0.37090895333333335
27,2021,6,-0.8952931566666665
27,2021,7,0.3212273016666667
27,2021,8,-0.3760935953333333
27,2021,9,-0.046110148
27,2021,10,-0.6893577933333334
27,2021,11,-0.3145844633333333
27,2021,12,-0.33286198
27,2022,1,-0.055875723333333314
27,2022,2,-0.2960713433333333
27,2022,3,-0.25871308
27,2022,4,-0.3429053633333334
27,2022,5,-0.4030703233333333
27,2022,6,-0.1166707
27,2022,7,-0.2918705766666667
27,2022,8,0.7969911633333334
27,2022,9,0.6601844920000001
27,2022,10,0.6770192826666667
27,2022,11,0.21353816599999997
27,2022,12,-0.12522322333333333
27,2023,1,-0.34472752
27,2023,2,-0.4360782566666667
27,2023,3,-0.07557557333333338
27,2023,4,0.8199222
27,2023,5,1.08896137
27,2023,6,1.6002759166666667
27,2023,7,0.9609639066666666
27,2023,8,-0.019795020000000035
27,2023,9,-1.1331078
27,2023,10,-1.3188254333333334
27,2023,11,-1.039030402
27,2023,12,-0.45346487333333335
28,2020,1,0.9904304500000001
28,2020,2,0.396144645
28,2020,3,0.25793841
28,2020,4,0.33351638
28,2020,5,0.13947884
28,2020,6,0.120814128
28,2020,7,-0.094315052
28,2020,8,0.379343655
28,2020,9,0.744612395
28,2020,10,0.7133394399999999
28,2020,11,0.42780460000000003
28,2020,12,0.264879055
28,2021,1,-0.442221485
28,2021,2,0.01944178499999999
28,2021,3,-1.14033335
28,2021,4,-1.3701916
28,2021,5,-1.09231333
28,2021,6,-0.98416512
28,2021,7,0.0012482719999999947
28,2021,8,-0.40234204
28,2021,9,0.08051859
28,2021,10,-0.0572827375
28,2021,11,0.050704993000000004
28,2021,12,-0.016266918000000005
28,2022,1,-0.383625045
28,2022,2,-0.61457017
28,2022,3,-0.324457125
28,2022,4,-0.081713547
28,2022,5,-1.0762469499999998
28,2022,6,0.09205861500000001
28,2022,7,-0.29374634
28,2022,8,0.870233445
28,2022,9,-0.47966523
28,2022,10,-0.022478765
28,2022,11,0.1029930535
28,2022,12,0.080980325
28,2023,1,-0.52774093
28,2023,2,-0.270626915
28,2023,3,0.59049434
28,2023,4,1.120292525
28,2023,5,1.35836705
28,2023,6,1.213951725
28,2023,7,0.922740445
28,2023,8,-0.18593964999999998
28,2023,9,-0.53456664
28,2023,10,-0.73123326
28,2023,11,-0.395160837
28,2023,12,-0.36538625475000003
29,2020,1,1.230228
29,2020,2,0.36944694
29,2020,3,0.19473367333333336
29,2020,4,0.13289967
29,2020,5,-0.037704328333333335
29,2020,6,0.045087847666666674
29,2020,7,-0.25949692
29,2020,8,0.8500987966666668
29,2020,9,1.0257944333333333
29,2020,10,1.6054168333333332
29,2020,11,1.3472056666666667
29,2020,12,1.3800483000000001
29,2021,1,-0.11201348666666668
29,2021,2,-0.05062412933333332
29,2021,3,-1.2427397
29,2021,4,-1.2326912373333334
29,2021,5,-1.4129680766666668
29,2021,6,-1.2208378266666666
29,2021,7,0.23189761666666667
29,2021,8,0.24994814666666665
29,2021,9,0.45053275
29,2021,10,0.1308095433333333
29,2021,11,-0.12044352866666667
29,2021,12,-0.40329492
29,2022,1,-0.6427756633333334
29,2022,2,-0.9283942866666667
29,2022,3,-0.32673520133333334
29,2022,4,-0.20225387333333333
29,2022,5,-1.3542511333333334
29,2022,6,-0.6450750246666667
29,2022,7,-1.2402503333333332
29,2022,8,0.15623834333333333
29,2022,9,-0.48614852333333336
29,2022,10,0.08788783100000001
29,2022,11,0.07158395666666666
29,2022,12,0.18343887000000003
29,2023,1,-0.4829844366666667
29,2023,2,-0.5554945033333333
29,2023,3,0.4170966233333333
29,2023,4,1.1495344
29,2023,5,1.7444581000000001
29,2023,6,1.8468476333333335
29,2023,7,1.4168216000000002
29,2023,8,-0.0042102733333333475
29,2023,9,-0.9316351166666667
29,2023,10,-1.2942020333333333
29,2023,11,-1.06231859
29,2023,12,-0.9012351133333333
31,2020,1,1.55997665
31,2020,2,0.5635995699999999
31,2020,3,-0.0023927599999999938
31,2020,4,-0.031971694999999994
31,2020,5,-0.033824265000000006
31,2020,6,0.1686169615
31,2020,7,-0.08848998325
31,2020,8,1.041447525
31,2020,9,1.32757315
31,2020,10,1.6700379500000002
31,2020,11,1.54400175
31,2020,12,1.3382779
31,2021,1,0.42996888499999997
31,2021,2,-0.545852965
31,2021,3,-0.47218194999999996
31,2021,4,0.4419626
31,2021,5,0.12515715000000005
31,2021,6,-0.13284129999999994
31,2021,7,0.771125815
31,2021,8,0.40001575500000003
31,2021,9,0.435749945
31,2021,10,-0.139953
31,2021,11,0.07709733500000002
31,2021,12,0.0033619650000000223
31,2022,1,-0.11807838500000001
31,2022,2,-0.599402605
31,2022,3,-0.09361049999999999
31,2022,4,-0.018828604999999998
31,2022,5,-1.10586065
31,2022,6,-0.28971112
31,2022,7,-1.19844115
31,2022,8,0.151185805
31,2022,9,-0.39587413000000005
31,2022,10,0.22072144999999999
31,2022,11,0.07466199999999999
31,2022,12,0.23235840000000002
31,2023,1,-0.05211524500000003
31,2023,2,-0.519230765
31,2023,3,1.07455582
31,2023,4,1.4449091
31,2023,5,1.5669024
31,2023,6,1.8316758
31,2023,7,1.13472215
31,2023,8,0.08434589999999997
31,2023,9,-1.06877955
31,2023,10,-1.37825885
31,2023,11,-1.3850351
31,2023,12,-0.7473677000000001
32,2020,1,0.18205655
32,2020,2,0.4285431
32,2020,3,-0.029682567
32,2020,4,-0.18817726
32,2020,5,0.21072498
32,2020,6,0.21047622
32,2020,7,0.23074663
32,2020,8,0.5509903
32,2020,9,1.0849342
32,2020,10,0.63799566
32,2020,11,0.18767342
32,2020,12,-1.0698183
32,2021,1,-0.17104167
32,2021,2,-0.59320915
32,2021,3,0.16328911
32,2021,4,0.70194227
32,2021,5,-0.96267265
32,2021,6,-0.98350555
32,2021,7,-1.5210674
32,2021,8,0.11463886
32,2021,9,0.6790108
32,2021,10,0.36856917
32,2021,11,-0.46222588
32,2021,12,-1.9396267
32,2022,1,-1.1046807
32,2022,2,0.012565895
32,2022,3,0.43185204
32,2022,4,0.030600615
32,2022,5,-0.5107025
32,2022,6,-0.52872866
32,2022,7,-0.76864886
32,2022,8,-0.0641314
32,2022,9,-0.2467804
32,2022,10,1.2205584
32,2022,11,1.2081372
32,2022,12,2.0170255
32,2023,1,0.07813254
32,2023,2,0.21166128
32,2023,3,-0.52850324
32,2023,4,-0.34353483
32,2023,5,-0.6348646
32,2023,6,-0.55671763
32,2023,7,-0.48293173
32,2023,8,-0.5037027
32,2023,9,-0.5873574
32,2023,10,-0.20440134
32,2023,11,0.1107414
32,2023,12,0.6746313
34,2020,1,1.3458863
34,2020,2,0.39571407
34,2020,3,0.21005066
34,2020,4,0.28567484
34,2020,5,0.13347909
34,2020,6,0.28761414
34,2020,7,-0.17245394
34,2020,8,0.86637485
34,2020,9,1.1405411
34,2020,10,1.3126947
34,2020,11,1.0369235
34,2020,12,1.1733091
34,2021,1,0.19551037
34,2021,2,0.35073397
34,2021,3,-1.6022857
34,2021,4,-1.7049584
34,2021,5,-1.9163184
34,2021,6,-1.58977
34,2021,7,0.71365553
34,2021,8,0.13756546
34,2021,9,0.20130959
34,2021,10,-0.4534355
34,2021,11,-0.30995783
34,2021,12,-0.7130586
34,2022,1,-0.79087347
34,2022,2,-1.3390906
34,2022,3,-0.5724336
34,2022,4,-0.24913236
34,2022,5,-0.772912
34,2022,6,-0.45608637
34,2022,7,-1.4036611
34,2022,8,-0.03973667
34,2022,9,-0.56606436
34,2022,10,-0.3245681
34,2022,11,-0.19410205
34,2022,12,-0.3855923
34,2023,1,-0.59637594
34,2023,2,-0.58578503
34,2023,3,0.86476344
34,2023,4,1.4435507
34,2023,5,1.7602392
34,2023,6,1.4528952
34,2023,7,0.71782
34,2023,8,-0.6750334
34,2023,9,-1.0657811
34,2023,10,-1.3859538
34,2023,11,-1.1519047
34,2023,12,-0.9599992
35,2020,1,1.195510375
35,2020,2,0.25286248499999997
35,2020,3,0.21840886
35,2020,4,0.10428411200000001
35,2020,5,0.4822786575
35,2020,6,0.47564178539499996
35,2020,7,0.354179935
35,2020,8,0.95835997
35,2020,9,1.21377965
35,2020,10,1.6708617000000001
35,2020,11,1.4188848749999998
35,2020,12,1.2088815
35,2021,1,0.37342352999999995
35,2021,2,0.40528611999999997
35,2021,3,0.455310875
35,2021,4,0.9169993
35,2021,5,0.724283
35,2021,6,0.443642075
35,2021,7,0.44761344999999997
35,2021,8,0.54375024
35,2021,9,0.9345142150000001
35,2021,10,0.721093725
35,2021,11,0.5671483575
35,2021,12,-0.214856535
35,2022,1,-0.395305735
35,2022,2,-0.6816088499999999
35,2022,3,-0.525811005
35,2022,4,-0.6018341
35,2022,5,-1.1876830999999999
35,2022,6,-0.6455047555000001
35,2022,7,-0.58915955
35,2022,8,-0.158601278
35,2022,9,-0.206092345
35,2022,10,0.29401462
35,2022,11,0.3352969
35,2022,12,0.63810872
35,2023,1,-0.15880687999999998
35,2023,2,-0.359277485
35,2023,3,0.710036085
35,2023,4,1.2958188
35,2023,5,1.9510049999999999
35,2023,6,2.07620035
35,2023,7,1.8503334000000002
35,2023,8,0.362673765
35,2023,9,-0.7803677499999999
35,2023,10,-1.15656875
35,2023,11,-0.787827375
35,2023,12,-0.6846067
36,2020,1,1.4022361
36,2020,2,0.5417965
36,2020,3,-0.18479432
36,2020,4,-0.013255575
36,2020,5,0.11760144
36,2020,6,0.21431452
36,2020,7,1.4408962
36,2020,8,1.8732045
36,2020,9,1.308772
36,2020,10,0.3278533
36,2020,11,0.06679677
36,2020,12,0.4696196
36,2021,1,0.39550227
36,2021,2,-0.1327809
36,2021,3,1.4865409
36,2021,4,1.3619696
36,2021,5,1.621535
36,2021,6,0.2401071
36,2021,7,0.5860194
36,2021,8,-0.45853466
36,2021,9,0.20273863
36,2021,10,-0.7482199
36,2021,11,-0.91096437
36,2021,12,-1.291168
36,2022,1,-0.88796616
36,2022,2,0.4789539
36,2022,3,-0.020543668
36,2022,4,-0.4045086
36,2022,5,0.46589452
36,2022,6,0.90714335
36,2022,7,1.1754799
36,2022,8,2.0821147
36,2022,9,2.3583765
36,2022,10,2.2594583
36,2022,11,1.4591061
36,2022,12,0.103848495
36,2023,1,-0.18767698
36,2023,2,-0.17071281
36,2023,3,-0.3058239
36,2023,4,-0.31553704
36,2023,5,-0.07123509
36,2023,6,-0.0053404015
36,2023,7,-0.37083665
36,2023,8,-0.94193846
36,2023,9,-0.911655
36,2023,10,0.5560292
36,2023,11,0.7511229
36,2023,12,1.1328697
37,2020,1,1.2074549
37,2020,2,0.298764385
37,2020,3,0.14469652
37,2020,4,0.24891523999999998
37,2020,5,0.527717395
37,2020,6,0.6817314200000001
37,2020,7,0.47369863
37,2020,8,0.659394605
37,2020,9,0.82762245
37,2020,10,0.86033793
37,2020,11,0.35495260000000006
37,2020,12,0.55037295
37,2021,1,0.150619765
37,2021,2,0.42429227
37,2021,3,-0.11268184999999997
37,2021,4,0.07745029999999997
37,2021,5,0.006120950000000014
37,2021,6,-0.28435725
37,2021,7,0.58946769
37,2021,8,0.0825495265
37,2021,9,0.412045245
37,2021,10,-0.07596491999999999
37,2021,11,0.004520999999999997
37,2021,12,-0.565492275
37,2022,1,-0.62139331
37,2022,2,-0.8944756
37,2022,3,-0.57049235
37,2022,4,-0.39925868
37,2022,5,-0.42438740500000005
37,2022,6,-0.04143698500000001
37,2022,7,-0.56053127
37,2022,8,0.627909165
37,2022,9,0.66902057
37,2022,10,0.79772815
37,2022,11,0.511297275
37,2022,12,-0.011298114999999997
37,2023,1,-0.32864166300000003
37,2023,2,-0.24509878000000002
37,2023,3,1.06225037
37,2023,4,1.5238062
37,2023,5,2.07005945
37,2023,6,1.69739445
37,2023,7,1.25480475
37,2023,8,-0.40899901
37,2023,9,-0.58563912
37,2023,10,-0.65058822
37,2023,11,-0.39330657999999996
37,2023,12,-0.36836549500000004
38,2020,1,1.354796
38,2020,2,0.18532418
38,2020,3,0.044465058
38,2020,4,0.017334614
38,2020,5,1.4657983
38,2020,6,1.4987111
38,2020,7,1.5898265
38,2020,8,0.6864561
38,2020,9,1.0363688
38,2020,10,0.610996
38,2020,11,-0.4670947
38,2020,12,-0.7671419
38,2021,1,-0.31111422
38,2021,2,0.59741724
38,2021,3,1.6278828
38,2021,4,2.291803
38,2021,5,1.8262535
38,2021,6,1.2474246
38,2021,7,0.15936835
38,2021,8,-0.2250541
38,2021,9,1.0648631
38,2021,10,1.0926528
38,2021,11,1.4661442
38,2021,12,0.059026692
38,2022,1,-0.12847845
38,2022,2,-0.5162384
38,2022,3,-1.2051854
38,2022,4,-1.0210794
38,2022,5,-0.78463745
38,2022,6,-0.044133008
38,2022,7,0.07698071
38,2022,8,0.08908849
38,2022,9,-0.04270161
38,2022,10,0.5280214
38,2022,11,0.5018589
38,2022,12,0.8017498
38,2023,1,0.12812415
38,2023,2,-0.17883216
38,2023,3,0.30407956
38,2023,4,0.8669474
38,2023,5,1.6844234
38,2023,6,1.6095774
38,2023,7,1.3841144
38,2023,8,-0.30150032
38,2023,9,-0.7799641
38,2023,10,-0.9534603
38,2023,11,-0.24981366
38,2023,12,-0.012180607
39,2020,1,1.826382
39,2020,2,-0.13278936
39,2020,3,-0.29174274
39,2020,4,-0.24495827
39,2020,5,1.447525
39,2020,6,1.5606886
39,2020,7,1.8823996
39,2020,8,1.5056815
39,2020,9,1.9545387
39,2020,10,1.1774052
39,2020,11,-0.29488575
39,2020,12,-0.71903723
39,2021,1,-0.18050663
39,2021,2,0.19779149
39,2021,3,1.731637
39,2021,4,2.661647
39,2021,5,2.37266
39,2021,6,1.6700028
39,2021,7,0.3873659
39,2021,8,0.41910887
39,2021,9,1.446375
39,2021,10,0.9366318
39,2021,11,0.20178822
39,2021,12,-1.3771521
39,2022,1,-1.2385011
39,2022,2,-0.50428015
39,2022,3,-1.2047434
39,2022,4,-1.2225431
39,2022,5,-1.2179128
39,2022,6,-0.41218236
39,2022,7,-0.3258243
39,2022,8,0.28684306
39,2022,9,0.17070444
39,2022,10,1.3746715
39,2022,11,0.9640225
39,2022,12,0.9683893
39,2023,1,0.047363482
39,2023,2,0.5839428
39,2023,3,1.3741704
39,2023,4,0.9675984
39,2023,5,1.5193161
39,2023,6,1.0967137
39,2023,7,0.8348245
39,2023,8,-0.43187785
39,2023,9,-0.1517286
39,2023,10,0.8039291
39,2023,11,0.9046236
39,2023,12,0.77144814
46,2020,1,0.18205655
46,2020,2,0.4285431
46,2020,3,-0.029682567
46,2020,4,-0.18817726
46,2020,5,0.21072498
46,2020,6,0.21047622
46,2020,7,0.23074663
46,2020,8,0.5509903
46,2020,9,1.0849342
46,2020,10,0.63799566
46,2020,11,0.18767342
46,2020,12,-1.0698183
46,2021,1,-0.17104167
46,2021,2,-0.59320915
46,2021,3,0.16328911
46,2021,4,0.70194227
46,2021,5,-0.96267265
46,2021,6,-0.98350555
46,2021,7,-1.5210674
46,2021,8,0.11463886
46,2021,9,0.6790108
46,2021,10,0.36856917
46,2021,11,-0.46222588
46,2021,12,-1.9396267
46,2022,1,-1.1046807
46,2022,2,0.012565895
46,2022,3,0.43185204
46,2022,4,0.030600615
46,2022,5,-0.5107025
46,2022,6,-0.52872866
46,2022,7,-0.76864886
46,2022,8,-0.0641314
46,2022,9,-0.2467804
46,2022,10,1.2205584
46,2022,11,1.2081372
46,2022,12,2.0170255
46,2023,1,0.07813254
46,2023,2,0.21166128
46,2023,3,-0.52850324
46,2023,4,-0.34353483
46,2023,5,-0.6348646
46,2023,6,-0.55671763
46,2023,7,-0.48293173
46,2023,8,-0.5037027
46,2023,9,-0.5873574
46,2023,10,-0.20440134
46,2023,11,0.1107414
46,2023,12,0.6746313
49,2020,1,1.1749556
49,2020,2,0.2510457
49,2020,3,0.14476064
49,2020,4,0.12380366
49,2020,5,1.1677606
49,2020,6,1.2506748
49,2020,7,1.3480513
49,2020,8,0.8591147
49,2020,9,1.2013206
49,2020,10,0.73263663
49,2020,11,-0.33474758
49,2020,12,-0.45401692
49,2021,1,-0.10777301
49,2021,2,0.6044667
49,2021,3,1.3607076
49,2021,4,2.0403721
49,2021,5,1.7905658
49,2021,6,1.2696878
49,2021,7,0.25071394
49,2021,8,-0.06421492
49,2021,9,1.0907462
49,2021,10,0.85776526
49,2021,11,0.95509416
49,2021,12,-0.08762487
49,2022,1,-0.29531762
49,2022,2,-0.588936
49,2022,3,-0.95712036
49,2022,4,-0.82008827
49,2022,5,-0.548344
49,2022,6,-0.001530526
49,2022,7,-0.030896723
49,2022,8,0.10485019
49,2022,9,0.08132734
49,2022,10,0.859032
49,2022,11,0.68934447
49,2022,12,0.68646425
49,2023,1,0.03406883
49,2023,2,0.078975074
49,2023,3,1.0349159
49,2023,4,1.4307212
49,2023,5,1.9780129
49,2023,6,1.7168792
49,2023,7,1.4458536
49,2023,8,-0.38487807
49,2023,9,-0.51097316
49,2023,10,-0.3366079
49,2023,11,0.15878394
49,2023,12,0.064929076
67,2020,1,0.28128415
67,2020,2,0.9906604
67,2020,3,-0.026947742
67,2020,4,-0.08826295
67,2020,5,-0.17946622
67,2020,6,-0.03719736
67,2020,7,-0.12883204
67,2020,8,-0.4247728
67,2020,9,0.39384243
67,2020,10,-0.41384482
67,2020,11,-0.20920613
67,2020,12,-1.5080097
67,2021,1,-0.19630368
67,2021,2,-0.746005
67,2021,3,-0.38862073
67,2021,4,0.48994878
67,2021,5,0.04279684
67,2021,6,0.033467866
67,2021,7,-1.344848
67,2021,8,-0.75772554
67,2021,9,-0.03246482
67,2021,10,0.25626856
67,2021,11,-0.46481732
67,2021,12,-1.596221
67,2022,1,-0.14780931
67,2022,2,0.076142445
67,2022,3,0.3578918
67,2022,4,0.090985715
67,2022,5,-0.6321059
67,2022,6,-0.5413739
67,2022,7,-0.85364234
67,2022,8,0.75331527
67,2022,9,0.5495918
67,2022,10,1.7626083
67,2022,11,1.114072
67,2022,12,1.7217954
67,2023,1,0.5779229
67,2023,2,0.69015485
67,2023,3,-0.94986814
67,2023,4,0.10271059
67,2023,5,-0.4322246
67,2023,6,0.008459831
67,2023,7,-0.15526634
67,2023,8,-0.685059
67,2023,9,-1.7292649
67,2023,10,-1.7585964
67,2023,11,-1.2342137
67,2023,12,0.1685163
103,2020,1,1.3458863
103,2020,2,0.39571407
103,2020,3,0.21005066
103,2020,4,0.28567484
103,2020,5,0.13347909
103,2020,6,0.28761414
103,2020,7,-0.17245394
103,2020,8,0.86637485
103,2020,9,1.1405411
103,2020,10,1.3126947
103,2020,11,1.0369235
103,2020,12,1.1733091
103,2021,1,0.19551037
103,2021,2,0.35073397
103,2021,3,-1.6022857
103,2021,4,-1.7049584
103,2021,5,-1.9163184
103,2021,6,-1.58977
103,2021,7,0.71365553
103,2021,8,0.13756546
103,2021,9,0.20130959
103,2021,10,-0.4534355
103,2021,11,-0.30995783
103,2021,12,-0.7130586
103,2022,1,-0.79087347
103,2022,2,-1.3390906
103,2022,3,-0.5724336
103,2022,4,-0.24913236
103,2022,5,-0.772912
103,2022,6,-0.45608637
103,2022,7,-1.4036611
103,2022,8,-0.03973667
103,2022,9,-0.56606436
103,2022,10,-0.3245681
103,2022,11,-0.19410205
103,2022,12,-0.3855923
103,2023,1,-0.59637594
103,2023,2,-0.58578503
103,2023,3,0.86476344
103,2023,4,1.4435507
103,2023,5,1.7602392
103,2023,6,1.4528952
103,2023,7,0.71782
103,2023,8,-0.6750334
103,2023,9,-1.0657811
103,2023,10,-1.3859538
103,2023,11,-1.1519047
103,2023,12,-0.9599992
